name,norad,lat,lon,alt_km,launch_date,launch_site,epoch_raw,epoch_day,epoch_utc,epoch_iso
YAMAL 300K,38978,0.0268,-177.0558,35787.6,2012-11-02,TYMSC,26276.78504030,2026年276日目,2026/10/03 18:50:27 UTC,2026-10-03T18:50:27.481920Z
GORIZONT 10,15144,-3.0718,-169.6255,35767.8,1984-08-01,TYMSC,26276.65536735,2026年276日目,2026/10/03 15:43:43 UTC,2026-10-03T15:43:43.739040Z
EKRAN 2 DEB,12996,1.9928,-159.0642,35856.0,1977-09-20,TYMSC,26276.65087104,2026年276日目,2026/10/03 15:37:15 UTC,2026-10-03T15:37:15.257856Z
ELEKTRO-L 1 (GOMS 2),37344,-9.6617,-151.7205,35821.5,2011-01-20,TYMSC,26276.64843131,2026年276日目,2026/10/03 15:33:44 UTC,2026-10-03T15:33:44.465184Z
RADUGA 16,15946,-0.8042,-150.5845,35758.4,1985-08-08,TYMSC,26276.71900000,2026年276日目,2026/10/03 17:15:21 UTC,2026-10-03T17:15:21.600000Z
GORIZONT 6,13624,1.4254,-149.145,35753.3,1982-10-20,TYMSC,26276.58307100,2026年276日目,2026/10/03 13:59:37 UTC,2026-10-03T13:59:37.334400Z
LUCH,23426,-8.3839,-142.0721,35821.0,1994-12-16,TYMSC,26276.34551451,2026年276日目,2026/10/03 08:17:32 UTC,2026-10-03T08:17:32.453664Z
GORIZONT 30,23108,-1.2646,-119.4501,35810.5,1994-05-20,TYMSC,26276.35048860,2026年276日目,2026/10/03 08:24:42 UTC,2026-10-03T08:24:42.215040Z
RADUGA 25,20499,2.1998,-117.5725,35837.2,1990-02-15,TYMSC,26276.63459149,2026年276日目,2026/10/03 15:13:48 UTC,2026-10-03T15:13:48.704736Z
RADUGA 21,18631,10.7982,-61.8866,35777.5,1987-12-10,TYMSC,26274.09918850,2026年274日目,2026/10/01 02:22:49 UTC,2026-10-01T02:22:49.886400Z
GORIZONT 11,15484,8.92,-51.0307,35823.3,1985-01-18,TYMSC,26276.07924628,2026年276日目,2026/10/03 01:54:06 UTC,2026-10-03T01:54:06.878592Z
GORIZONT 27,22245,13.6427,-26.1867,35782.7,1992-11-27,TYMSC,26274.24677889,2026年274日目,2026/10/01 05:55:21 UTC,2026-10-01T05:55:21.696096Z
RADUGA 7,12003,3.0417,-25.8944,35834.5,1980-10-05,TYMSC,26276.81494044,2026年276日目,2026/10/03 19:33:30 UTC,2026-10-03T19:33:30.854016Z
LUCH-5B,38977,6.3604,-16.8618,35806.5,2012-11-02,TYMSC,26276.60303948,2026年276日目,2026/10/03 14:28:22 UTC,2026-10-03T14:28:22.611072Z
ELEKTRO-L 2,41105,2.1426,-14.6588,35796.7,2015-12-11,TYMSC,26275.74807199,2026年275日目,2026/10/02 17:57:13 UTC,2026-10-02T17:57:13.419936Z
EXPRESS-AM8,40895,-0.0329,-13.9997,35787.8,2015-09-14,TYMSC,26276.95981098,2026年276日目,2026/10/03 23:02:07 UTC,2026-10-03T23:02:07.668672Z
EXPRESS-AM44,33595,0.8705,-11.0563,35790.5,2009-02-11,TYMSC,26276.81788712,2026年276日目,2026/10/03 19:37:45 UTC,2026-10-03T19:37:45.447168Z
GORIZONT 31,23775,14.2673,-9.984,35973.6,1996-01-25,TYMSC,26273.96797458,2026年273日目,2026/09/30 23:13:53 UTC,2026-09-30T23:13:53.003712Z
EXPRESS-AM33,32478,2.3094,-0.6265,35845.5,2008-01-28,TYMSC,26276.67739981,2026年276日目,2026/10/03 16:15:27 UTC,2026-10-03T16:15:27.343584Z
ELEKTRO-L 3,44903,0.052,9.5941,36020.7,2019-12-24,TYMSC,26275.68255170,2026年275日目,2026/10/02 16:22:52 UTC,2026-10-02T16:22:52.466880Z
GORIZONT 29,22907,11.4604,10.0495,35844.7,1993-11-18,TYMSC,26274.89766073,2026年274日目,2026/10/01 21:32:37 UTC,2026-10-01T21:32:37.887072Z
RADUGA-1 7,28194,13.6524,16.8789,35804.5,2004-03-27,TYMSC,26273.97239461,2026年273日目,2026/09/30 23:20:14 UTC,2026-09-30T23:20:14.894304Z
GORIZONT 33,26372,12.8959,16.942,35811.1,2000-06-06,TYMSC,26273.98389257,2026年273日目,2026/09/30 23:36:48 UTC,2026-09-30T23:36:48.318048Z
RADUGA 22,19596,4.6423,23.9657,35788.4,1988-10-20,TYMSC,26276.87422315,2026年276日目,2026/10/03 20:58:52 UTC,2026-10-03T20:58:52.880160Z
RADUGA 17,16250,1.7041,25.6209,35798.8,1985-11-15,TYMSC,26276.87573853,2026年276日目,2026/10/03 21:01:03 UTC,2026-10-03T21:01:03.808992Z
RADUGA 15,15057,-0.3776,31.867,35795.0,1984-06-22,TYMSC,26276.75783275,2026年276日目,2026/10/03 18:11:16 UTC,2026-10-03T18:11:16.749600Z
EKRAN 2 DEB,59987,-2.6955,34.681,35752.7,1977-09-20,TYMSC,26276.04292478,2026年276日目,2026/10/03 01:01:48 UTC,2026-10-03T01:01:48.700992Z
RADUGA-1M 3,39375,5.6703,34.8241,35791.7,2013-11-11,TYMSC,26276.81726343,2026年276日目,2026/10/03 19:36:51 UTC,2026-10-03T19:36:51.560352Z
EXPRESS-AMU1,41191,-0.0177,36.0587,35782.3,2015-12-24,TYMSC,26276.75592016,2026年276日目,2026/10/03 18:08:31 UTC,2026-10-03T18:08:31.501824Z
GORIZONT 3,11648,-3.2526,39.8161,35764.8,1979-12-28,TYMSC,26276.74506507,2026年276日目,2026/10/03 17:52:53 UTC,2026-10-03T17:52:53.622048Z
EXPRESS-AM7,40505,-0.0334,39.9609,35779.0,2015-03-18,TYMSC,26276.82802715,2026年276日目,2026/10/03 19:52:21 UTC,2026-10-03T19:52:21.545760Z
RADUGA 6,11708,-3.3389,41.3336,35789.2,1980-02-20,TYMSC,26276.75696016,2026年276日目,2026/10/03 18:10:01 UTC,2026-10-03T18:10:01.357824Z
RADUGA 9,12618,-3.3241,42.3163,35794.5,1981-07-30,TYMSC,26276.70492473,2026年276日目,2026/10/03 16:55:05 UTC,2026-10-03T16:55:05.496672Z
LUCH DEB,44582,7.0361,43.0934,35610.7,1994-12-16,TYMSC,26276.82828715,2026年276日目,2026/10/03 19:52:44 UTC,2026-10-03T19:52:44.009760Z
GORIZONT 19,20263,1.3926,44.4207,35809.5,1989-09-28,TYMSC,26276.75781861,2026年276日目,2026/10/03 18:11:15 UTC,2026-10-03T18:11:15.527904Z
RADUGA 31,23010,5.1447,44.6554,35782.3,1994-02-18,TYMSC,26276.82872049,2026年276日目,2026/10/03 19:53:21 UTC,2026-10-03T19:53:21.450336Z
YAMAL 601,44307,-0.0251,48.9812,35778.7,2019-05-30,TYMSC,26276.90620354,2026年276日目,2026/10/03 21:44:55 UTC,2026-10-03T21:44:55.985856Z
YAMAL 402,39022,1.4688,54.8676,35774.2,2012-12-08,TYMSC,26276.90518993,2026年276日目,2026/10/03 21:43:28 UTC,2026-10-03T21:43:28.409952Z
RADUGA 26,21016,-0.0554,55.6358,35772.5,1990-12-20,TYMSC,26276.81574514,2026年276日目,2026/10/03 19:34:40 UTC,2026-10-03T19:34:40.380096Z
EXPRESS-AT2,39613,-0.0269,56.0072,35785.4,2014-03-15,TYMSC,26276.54601256,2026年276日目,2026/10/03 13:06:15 UTC,2026-10-03T13:06:15.485184Z
RADUGA-1 2,21038,-0.5868,58.0008,35784.6,1990-12-27,TYMSC,26276.99247892,2026年276日目,2026/10/03 23:49:10 UTC,2026-10-03T23:49:10.178688Z
RADUGA-1 5,26477,6.3029,59.2643,35799.7,2000-08-28,TYMSC,26276.95443900,2026年276日目,2026/10/03 22:54:23 UTC,2026-10-03T22:54:23.529600Z
GORIZONT 2,11440,-4.575,59.5222,35791.6,1979-07-05,TYMSC,26276.65024836,2026年276日目,2026/10/03 15:36:21 UTC,2026-10-03T15:36:21.458304Z
RADUGA 4,10987,-4.1208,61.0783,35844.6,1978-07-18,TYMSC,26276.96326910,2026年276日目,2026/10/03 23:07:06 UTC,2026-10-03T23:07:06.450240Z
LUCH-5X (OLYMP-K 2),55841,0.0118,61.993,35782.1,2023-03-12,TYMSC,26274.60667912,2026年274日目,2026/10/01 14:33:37 UTC,2026-10-01T14:33:37.075968Z
RADUGA 1,08513,-2.5093,64.2729,35770.7,,,26276.90409469,2026年276日目,2026/10/03 21:41:53 UTC,2026-10-03T21:41:53.781216Z
EKRAN 6,12120,-5.0531,65.2806,35792.3,1980-12-26,TYMSC,26276.85464942,2026年276日目,2026/10/03 20:30:41 UTC,2026-10-03T20:30:41.709888Z
EKRAN 9,13554,-5.1275,65.4463,35895.2,1982-09-16,TYMSC,26276.85684711,2026年276日目,2026/10/03 20:33:51 UTC,2026-10-03T20:33:51.590304Z
RADUGA 12,13974,-5.3531,65.74,35785.9,1983-04-08,TYMSC,26276.85755355,2026年276日目,2026/10/03 20:34:52 UTC,2026-10-03T20:34:52.626720Z
GORIZONT 21,20923,-2.6893,66.3409,35814.4,1990-11-03,TYMSC,26276.85746125,2026年276日目,2026/10/03 20:34:44 UTC,2026-10-03T20:34:44.652000Z
RADUGA-1 4,25642,2.6485,69.456,35817.2,1999-02-28,TYMSC,26276.85766074,2026年276日目,2026/10/03 20:35:01 UTC,2026-10-03T20:35:01.887936Z
EKRAN 7,12564,-5.4652,70.7632,35817.5,1981-06-26,TYMSC,26276.85786156,2026年276日目,2026/10/03 20:35:19 UTC,2026-10-03T20:35:19.238784Z
RADUGA 23,19928,-4.369,71.1961,35727.6,1989-04-14,TYMSC,26276.85984407,2026年276日目,2026/10/03 20:38:10 UTC,2026-10-03T20:38:10.527648Z
LUCH-1,23680,1.0371,72.7532,35759.2,1995-10-11,TYMSC,26276.99219627,2026年276日目,2026/10/03 23:48:45 UTC,2026-10-03T23:48:45.757728Z
EKRAN 2,10365,-3.9332,73.788,35842.9,1977-09-20,TYMSC,26276.85815341,2026年276日目,2026/10/03 20:35:44 UTC,2026-10-03T20:35:44.454624Z
RADUGA 2,09416,-3.2068,75.0352,35858.5,,,26276.90634803,2026年276日目,2026/10/03 21:45:08 UTC,2026-10-03T21:45:08.469792Z
RADUGA 30,22836,-2.7177,75.5791,35803.7,1993-09-30,TYMSC,26276.86400687,2026年276日目,2026/10/03 20:44:10 UTC,2026-10-03T20:44:10.193568Z
RADUGA 32,23448,-1.9378,76.0369,35781.3,1994-12-28,TYMSC,26276.86400676,2026年276日目,2026/10/03 20:44:10 UTC,2026-10-03T20:44:10.184064Z
ELEKTRO-L 5,67756,0.0375,76.0617,35779.4,2026-02-12,TYMSC,26276.75412103,2026年276日目,2026/10/03 18:05:56 UTC,2026-10-03T18:05:56.056992Z
EKRAN 20,22210,-3.7202,77.3038,35752.5,1992-10-30,TYMSC,26276.86411435,2026年276日目,2026/10/03 20:44:19 UTC,2026-10-03T20:44:19.479840Z
EXPRESS-AT1,39612,0.5246,78.1599,35753.7,2014-03-15,TYMSC,26276.90678137,2026年276日目,2026/10/03 21:45:45 UTC,2026-10-03T21:45:45.910368Z
EXPRESS 80,45986,0.005,80.3491,35612.5,2020-07-30,TYMSC,26263.15064726,2026年263日目,2026/09/20 03:36:55 UTC,2026-09-20T03:36:55.923264Z
ELEKTRO (GOMS 1),23327,-3.806,81.6653,35773.9,1994-10-31,TYMSC,26276.86992318,2026年276日目,2026/10/03 20:52:41 UTC,2026-10-03T20:52:41.362752Z
RADUGA 10,12897,-6.0954,82.734,35767.0,1981-10-09,TYMSC,26276.86451413,2026年276日目,2026/10/03 20:44:54 UTC,2026-10-03T20:44:54.020832Z
RADUGA 5,11343,-5.0141,85.2454,35772.9,1979-04-25,TYMSC,26276.90825471,2026年276日目,2026/10/03 21:47:53 UTC,2026-10-03T21:47:53.206944Z
RADUGA 28,21821,-6.0899,85.3652,35740.3,1991-12-19,TYMSC,26276.86981551,2026年276日目,2026/10/03 20:52:32 UTC,2026-10-03T20:52:32.060064Z
RADUGA 14,14725,-7.0956,86.23,35779.4,1984-02-15,TYMSC,26276.86970774,2026年276日目,2026/10/03 20:52:22 UTC,2026-10-03T20:52:22.748736Z
EKRAN 4,11561,-5.3071,86.453,35761.5,1979-10-03,TYMSC,26276.97155545,2026年276日目,2026/10/03 23:19:02 UTC,2026-10-03T23:19:02.390880Z
YAMAL 401,40345,-0.0121,89.9584,35786.1,2014-12-15,TYMSC,26276.98745937,2026年276日目,2026/10/03 23:41:56 UTC,2026-10-03T23:41:56.489568Z
EKRAN 11,14377,-7.0501,91.084,35794.5,1983-09-29,TYMSC,26276.55569615,2026年276日目,2026/10/03 13:20:12 UTC,2026-10-03T13:20:12.147360Z
YAMAL 201,28094,6.5577,91.2082,35751.6,2003-11-24,TYMSC,26276.86807943,2026年276日目,2026/10/03 20:50:02 UTC,2026-10-03T20:50:02.062752Z
RADUGA-1 8,34264,5.6828,91.8062,35937.1,2009-02-28,TYMSC,26276.87173744,2026年276日目,2026/10/03 20:55:18 UTC,2026-10-03T20:55:18.114816Z
GORIZONT 20,20659,-8.0361,92.7978,35756.2,1990-06-20,TYMSC,26276.87840605,2026年276日目,2026/10/03 21:04:54 UTC,2026-10-03T21:04:54.282720Z
GORIZONT 9,14940,-7.6441,93.1914,35778.2,1984-04-22,TYMSC,26276.87457936,2026年276日目,2026/10/03 20:59:23 UTC,2026-10-03T20:59:23.656704Z
LUCH-5V,39727,4.2572,94.8665,35774.7,2014-04-28,TYMSC,26276.98130442,2026年276日目,2026/10/03 23:33:04 UTC,2026-10-03T23:33:04.701888Z
RADUGA 24,20367,-8.6158,94.8776,35795.6,1989-12-15,TYMSC,26276.88057233,2026年276日目,2026/10/03 21:08:01 UTC,2026-10-03T21:08:01.449312Z
RADUGA 3,10159,-3.6894,96.3557,35727.7,1977-07-23,TYMSC,26276.87437977,2026年276日目,2026/10/03 20:59:06 UTC,2026-10-03T20:59:06.412128Z
EXPRESS 103,45985,-0.0164,96.5182,35787.5,2020-07-30,TYMSC,26276.68299596,2026年276日目,2026/10/03 16:23:30 UTC,2026-10-03T16:23:30.850944Z
EKRAN 2 DEB,11581,-3.705,97.2999,35678.5,1977-09-20,TYMSC,26276.87800659,2026年276日目,2026/10/03 21:04:19 UTC,2026-10-03T21:04:19.769376Z
EKRAN 3,11273,-4.7835,98.1957,35781.5,1979-02-21,TYMSC,26276.88408351,2026年276日目,2026/10/03 21:13:04 UTC,2026-10-03T21:13:04.815264Z
RADUGA-1 3,22981,-7.7733,98.4704,35773.3,1994-02-05,TYMSC,26276.79139576,2026年276日目,2026/10/03 18:59:36 UTC,2026-10-03T18:59:36.593664Z
EXPRESS 2,24435,-7.357,101.5562,35820.4,1996-09-26,TYMSC,26276.62753259,2026年276日目,2026/10/03 15:03:38 UTC,2026-10-03T15:03:38.815776Z
EXPRESS AMU-3,50002,-0.0108,103.019,35786.9,2021-12-13,TYMSC,26276.67947381,2026年276日目,2026/10/03 16:18:26 UTC,2026-10-03T16:18:26.537184Z
GORIZONT 12,16769,-9.1856,106.9354,35784.2,1986-06-10,TYMSC,26276.73111852,2026年276日目,2026/10/03 17:32:48 UTC,2026-10-03T17:32:48.640128Z
GORIZONT 32,23880,-10.1829,116.8568,35841.4,1996-05-25,TYMSC,26276.74285936,2026年276日目,2026/10/03 17:49:43 UTC,2026-10-03T17:49:43.048704Z
EKRAN 2 DEB,29014,-2.8158,123.9857,35755.0,1977-09-20,TYMSC,26276.91588141,2026年276日目,2026/10/03 21:58:52 UTC,2026-10-03T21:58:52.153824Z
RADUGA 27,21132,-12.6452,126.7499,35776.0,1991-02-28,TYMSC,26276.57913543,2026年276日目,2026/10/03 13:53:57 UTC,2026-10-03T13:53:57.301152Z
GORIZONT 16,19397,-11.2418,127.7201,35914.9,1988-08-18,TYMSC,26276.58133257,2026年276日目,2026/10/03 13:57:07 UTC,2026-10-03T13:57:07.134048Z
GORIZONT 22,20953,-12.0958,127.7708,35804.3,1990-11-23,TYMSC,26276.57913559,2026年276日目,2026/10/03 13:53:57 UTC,2026-10-03T13:53:57.314976Z
EXPRESS 1,23319,-11.1326,128.6964,35885.5,1994-10-13,TYMSC,26276.68031127,2026年276日目,2026/10/03 16:19:38 UTC,2026-10-03T16:19:38.893728Z
RADUGA 29,22557,-13.0147,132.9799,35772.0,1993-03-25,TYMSC,26276.65185894,2026年276日目,2026/10/03 15:38:40 UTC,2026-10-03T15:38:40.612416Z
EXPRESS-AM5,39487,0.0075,140.0554,35790.0,2013-12-26,TYMSC,26276.79435473,2026年276日目,2026/10/03 19:03:52 UTC,2026-10-03T19:03:52.248672Z
EXPRESS AMU-7,50001,0.0112,145.0118,35785.4,2021-12-13,TYMSC,26276.78980922,2026年276日目,2026/10/03 18:57:19 UTC,2026-10-03T18:57:19.516608Z
YAMAL 102,25897,-12.2157,152.0651,35864.3,1999-09-06,TYMSC,26276.60827461,2026年276日目,2026/10/03 14:35:54 UTC,2026-10-03T14:35:54.926304Z
YAMAL 202,28089,-1.7843,163.5291,35776.9,2003-11-24,TYMSC,26276.76664193,2026年276日目,2026/10/03 18:23:57 UTC,2026-10-03T18:23:57.862752Z
ELEKTRO-L 4,55506,-0.013,165.7658,35782.5,2023-02-05,TYMSC,26276.50566111,2026年276日目,2026/10/03 12:08:09 UTC,2026-10-03T12:08:09.119904Z
LUCH-5A,37951,-2.5706,166.9296,35775.0,2011-12-11,TYMSC,26276.76079935,2026年276日目,2026/10/03 18:15:33 UTC,2026-10-03T18:15:33.063840Z
